Privatedianthiendoan32262828151496eb.jpg,
Privatedianthiendoan3226282803279dab.jpg,
Privatedianthiendoan3226282801292f20.jpg,Cute
Public62827e7d6763c.jpg,My mood right now
Public62826df000b6a.jpg,public test
Internal62826c3d5477b.jpg,test message
Private62824ae07bf71.png,Test
Private62824a5358997.png,test image
Private628246a2ba66e.png,test
privatedianthiendoan32283702540.gif,Gif
internal9483305749.jpg,Rei
internal8759720487.jpg,Rei
internal9475025840.jpg,Rei
internal8339347028.jpg,Rei
public894205740752.png,Rei
public534545345367.png,Rei
public894329475849.png,Rei
public934679856295.png,Rei
public937498847394.png,Rei
public738469340758.png,Rei
public834973940784.png,Rei
public453897893465.png,Rei
public435987394578.png,Rei
public453984758654.png,Rei
public920745793475.png,Rei
public927469573846.png,Rei
public384579346859.png,Rei
public498437839274.png,Rei
public439875784924.png,Rei
public485649375869.png,Rei